{"cameraMode":{"drawMode":2,"name":"Shaded Wireframe","section":"Shading Mode"},"sceneLighting":true,"audioPlay":false,"sceneViewState":{"showFog":true,"showMaterialUpdate":false,"showSkybox":true,"showFlares":true,"showImageEffects":true,"showParticleSystems":true},"in2DMode":false,"pivot":{"x":-0.26671361923217776,"y":-0.8907679319381714,"z":1.0824275016784669},"rotation":{"x":-0.10839269310235977,"y":0.7543590068817139,"z":-0.6344977021217346,"w":-0.12886887788772584},"size":11.71412467956543,"orthographic":false}