{"cameraMode":{"drawMode":2,"name":"Shaded Wireframe","section":"Shading Mode"},"sceneLighting":true,"audioPlay":false,"sceneViewState":{"showFog":true,"showMaterialUpdate":false,"showSkybox":true,"showFlares":true,"showImageEffects":true,"showParticleSystems":true},"in2DMode":false,"pivot":{"x":1.799414873123169,"y":3.8507561683654787,"z":-3.620771884918213},"rotation":{"x":-0.2187384068965912,"y":-0.2718048393726349,"z":0.06358689814805985,"w":-0.9350059032440186},"size":9.66717529296875,"orthographic":false}