{"cameraMode":{"drawMode":1,"name":"Wireframe","section":"Shading Mode"},"sceneLighting":true,"audioPlay":false,"sceneViewState":{"showFog":true,"showMaterialUpdate":false,"showSkybox":true,"showFlares":true,"showImageEffects":true,"showParticleSystems":true},"in2DMode":false,"pivot":{"x":3.7335033416748049,"y":3.117013931274414,"z":2.214378833770752},"rotation":{"x":0.6349108219146729,"y":0.0034760781563818456,"z":-0.0028578273486346008,"w":0.7725778818130493},"size":9.186924934387207,"orthographic":false}