{"cameraMode":{"drawMode":2,"name":"Shaded Wireframe","section":"Shading Mode"},"sceneLighting":true,"audioPlay":false,"sceneViewState":{"showFog":true,"showMaterialUpdate":false,"showSkybox":true,"showFlares":true,"showImageEffects":true,"showParticleSystems":true},"in2DMode":false,"pivot":{"x":1.9956603050231934,"y":7.090110778808594,"z":-5.304353713989258},"rotation":{"x":-0.6224656105041504,"y":-0.013853206299245358,"z":0.011020307429134846,"w":-0.7824549674987793},"size":17.71818733215332,"orthographic":false}