{"cameraMode":{"drawMode":2,"name":"Shaded Wireframe","section":"Shading Mode"},"sceneLighting":true,"audioPlay":false,"sceneViewState":{"showFog":true,"showMaterialUpdate":false,"showSkybox":true,"showFlares":true,"showImageEffects":true,"showParticleSystems":true},"in2DMode":false,"pivot":{"x":15.16686725616455,"y":-3.9707789421081545,"z":-1.5483238697052003},"rotation":{"x":-0.2713415324687958,"y":-0.19550904631614686,"z":0.056376244872808459,"w":-0.9407384991645813},"size":57.14207077026367,"orthographic":false}