{"cameraMode":{"drawMode":2,"name":"Shaded Wireframe","section":"Shading Mode"},"sceneLighting":true,"audioPlay":false,"sceneViewState":{"showFog":true,"showMaterialUpdate":false,"showSkybox":true,"showFlares":true,"showImageEffects":true,"showParticleSystems":true},"in2DMode":false,"pivot":{"x":9.313715934753418,"y":7.436646938323975,"z":10.38143539428711},"rotation":{"x":-0.1397731900215149,"y":-0.8364087343215942,"z":0.4671918749809265,"w":-0.2502361238002777},"size":4.933407306671143,"orthographic":false}