{"cameraMode":{"drawMode":2,"name":"Shaded Wireframe","section":"Shading Mode"},"sceneLighting":true,"audioPlay":false,"sceneViewState":{"showFog":true,"showMaterialUpdate":false,"showSkybox":true,"showFlares":true,"showImageEffects":true,"showParticleSystems":true},"in2DMode":false,"pivot":{"x":6.31849479675293,"y":7.344871520996094,"z":9.685678482055664},"rotation":{"x":0.007579885423183441,"y":-0.8685137629508972,"z":0.49543216824531557,"w":0.013285982422530651},"size":4.933407306671143,"orthographic":false}