{"cameraMode":{"drawMode":0,"name":"Shaded","section":"Shading Mode"},"sceneLighting":true,"audioPlay":false,"sceneViewState":{"showFog":true,"showMaterialUpdate":false,"showSkybox":true,"showFlares":true,"showImageEffects":true,"showParticleSystems":true},"in2DMode":false,"pivot":{"x":0.958843469619751,"y":3.481048583984375,"z":-1.6343907117843629},"rotation":{"x":-0.0008221730822697282,"y":-0.4028181731700897,"z":0.00036111497320234776,"w":-0.915281355381012},"size":6.450927257537842,"orthographic":false}