{"cameraMode":{"drawMode":2,"name":"Shaded Wireframe","section":"Shading Mode"},"sceneLighting":true,"audioPlay":false,"sceneViewState":{"showFog":true,"showMaterialUpdate":false,"showSkybox":true,"showFlares":true,"showImageEffects":true,"showParticleSystems":true},"in2DMode":false,"pivot":{"x":-4.1114091873168949,"y":6.589888572692871,"z":0.526430070400238},"rotation":{"x":-0.228781595826149,"y":-0.754190981388092,"z":0.3335481882095337,"w":-0.517303466796875},"size":4.933407306671143,"orthographic":false}