{"cameraMode":{"drawMode":2,"name":"Shaded Wireframe","section":"Shading Mode"},"sceneLighting":true,"audioPlay":false,"sceneViewState":{"showFog":true,"showMaterialUpdate":false,"showSkybox":true,"showFlares":true,"showImageEffects":true,"showParticleSystems":true},"in2DMode":false,"pivot":{"x":8.902828216552735,"y":6.484405040740967,"z":7.2726945877075199},"rotation":{"x":0.17240190505981446,"y":0.4899114966392517,"z":-0.09951373934745789,"w":0.8487474322319031},"size":13.364018440246582,"orthographic":false}