{"cameraMode":{"drawMode":0,"name":"Shaded","section":"Shading Mode"},"sceneLighting":true,"audioPlay":false,"sceneViewState":{"showFog":true,"showMaterialUpdate":false,"showSkybox":true,"showFlares":true,"showImageEffects":true,"showParticleSystems":true},"in2DMode":false,"pivot":{"x":4.2641096115112309,"y":-2.3559932708740236,"z":2.1580934524536135},"rotation":{"x":-0.3331979513168335,"y":-0.1858295053243637,"z":0.06716203689575196,"w":-0.9219201803207398},"size":11.925186157226563,"orthographic":false}