{"cameraMode":{"drawMode":2,"name":"Shaded Wireframe","section":"Shading Mode"},"sceneLighting":true,"audioPlay":false,"sceneViewState":{"showFog":true,"showMaterialUpdate":false,"showSkybox":true,"showFlares":true,"showImageEffects":true,"showParticleSystems":true},"in2DMode":false,"pivot":{"x":1.3040428161621094,"y":-5.561492443084717,"z":11.065706253051758},"rotation":{"x":0.3996148109436035,"y":0.08095574378967285,"z":-0.03545667603611946,"w":0.9124130010604858},"size":8.656577110290528,"orthographic":false}