{"cameraMode":{"drawMode":0,"name":"Shaded","section":"Shading Mode"},"sceneLighting":true,"audioPlay":false,"sceneViewState":{"showFog":true,"showMaterialUpdate":false,"showSkybox":true,"showFlares":true,"showImageEffects":true,"showParticleSystems":true},"in2DMode":false,"pivot":{"x":0.2920670509338379,"y":-0.05219993740320206,"z":1.9566956758499146},"rotation":{"x":-0.2314586639404297,"y":0.45630714297294619,"z":-0.12423057854175568,"w":-0.8501631617546082},"size":19.325735092163087,"orthographic":false}