{"cameraMode":{"drawMode":2,"name":"Shaded Wireframe","section":"Shading Mode"},"sceneLighting":true,"audioPlay":false,"sceneViewState":{"showFog":true,"showMaterialUpdate":false,"showSkybox":true,"showFlares":true,"showImageEffects":true,"showParticleSystems":true},"in2DMode":false,"pivot":{"x":0.12224408984184265,"y":1.6894296407699586,"z":4.443965435028076},"rotation":{"x":0.12048883736133576,"y":-0.878581702709198,"z":0.3476708233356476,"w":0.30448058247566225},"size":10.36939525604248,"orthographic":false}